{"time/training": 0.4341609477996826, "evaluation/target_500_return_mean": 1.2311830423397072, "evaluation/target_500_return_std": 0.0, "evaluation/target_500_length_mean": 10.0, "evaluation/target_500_length_std": 0.0, "time/total": 2.25034761428833, "time/evaluation": 0.051788330078125, "training/train_loss_mean": 40.650888442993164, "training/train_loss_std": 0.04696846008300781, "training/action_error": 40.603919982910156, "_timestamp": 1728303988.3752024, "_runtime": 1.2127435207366943, "_step": 0, "_wandb": {"runtime": 0}}