{"time/training": 0.04407000541687012, "evaluation/target_500_return_mean": 24.623660846794074, "evaluation/target_500_return_std": 3.552713678800501e-15, "evaluation/target_500_length_mean": 200.0, "evaluation/target_500_length_std": 0.0, "evaluation/target_400_return_mean": 24.623660846794074, "evaluation/target_400_return_std": 3.552713678800501e-15, "evaluation/target_400_length_mean": 200.0, "evaluation/target_400_length_std": 0.0, "time/total": 61.35788440704346, "time/evaluation": 3.568706750869751, "training/train_loss_mean": 3.6601209163665773, "training/train_loss_std": 0.00848951670177799, "training/action_error": 3.662524938583374, "_timestamp": 1726327648.6528895, "_runtime": 60.148319482803345, "_step": 14, "_wandb": {"runtime": 59}}