{"time/training": 0.09612298011779785, "evaluation/target_500_return_mean": 1.2311830423397072, "evaluation/target_500_return_std": 0.0, "evaluation/target_500_length_mean": 10.0, "evaluation/target_500_length_std": 0.0, "time/total": 3.63370680809021, "time/evaluation": 0.050711870193481445, "training/train_loss_mean": 34.63451957702637, "training/train_loss_std": 0.13991355895996094, "training/action_error": 34.494606018066406, "_timestamp": 1728301451.9341698, "_runtime": 2.612182855606079, "_step": 9, "_wandb": {"runtime": 1}}