{"time/training": 0.9206106662750244, "evaluation/target_200_return_mean": 26.927063269456276, "evaluation/target_200_return_std": 3.552713678800501e-15, "evaluation/target_200_length_mean": 200.0, "evaluation/target_200_length_std": 0.0, "evaluation/target_300_return_mean": 26.927063269456276, "evaluation/target_300_return_std": 3.552713678800501e-15, "evaluation/target_300_length_mean": 200.0, "evaluation/target_300_length_std": 0.0, "evaluation/target_400_return_mean": 26.927063269456276, "evaluation/target_400_return_std": 3.552713678800501e-15, "evaluation/target_400_length_mean": 200.0, "evaluation/target_400_length_std": 0.0, "time/total": 7797.845561742783, "time/evaluation": 6.372201204299927, "training/train_loss_mean": 2.278175963163376, "training/train_loss_std": 0.00026217945181183846, "training/action_error": 2.2781283855438232, "_timestamp": 1726342090.5303993, "_runtime": 7796.760415315628, "_step": 1124, "_wandb": {"runtime": 7798}}