{"time/training": 62.33118438720703, "time/total": 481.78398299217224, "time/evaluation": 6.985664367675781e-05, "training/train_loss_mean": 1.3925094031691552, "training/train_loss_std": 0.000998683729459343, "training/action_error": 1.3921927213668823, "_timestamp": 1727353793.8843145, "_runtime": 480.6758735179901, "_step": 7, "_wandb": {"runtime": 486}}