{"time/training": 0.027597665786743164, "evaluation/target_500_return_mean": 1.7517795869148896, "evaluation/target_500_return_std": 0.0, "evaluation/target_500_length_mean": 10.0, "evaluation/target_500_length_std": 0.0, "evaluation/target_400_return_mean": 1.7517795869148896, "evaluation/target_400_return_std": 0.0, "evaluation/target_400_length_mean": 10.0, "evaluation/target_400_length_std": 0.0, "time/total": 3.6673455238342285, "time/evaluation": 0.43642568588256836, "training/train_loss_mean": 0.648169881105423, "training/train_loss_std": 0.00854064774613344, "training/action_error": 0.6485140919685364, "_timestamp": 1726325588.5872374, "_runtime": 2.5426723957061768, "_step": 3, "_wandb": {"runtime": 2}}