{"time/training": 0.1444559097290039, "evaluation/target_500_return_mean": 51.315343722469194, "evaluation/target_500_return_std": 7.105427357601002e-15, "evaluation/target_500_length_mean": 200.0, "evaluation/target_500_length_std": 0.0, "evaluation/target_400_return_mean": 51.315343722469194, "evaluation/target_400_return_std": 7.105427357601002e-15, "evaluation/target_400_length_mean": 200.0, "evaluation/target_400_length_std": 0.0, "time/total": 197.62298321723938, "time/evaluation": 3.817284107208252, "training/train_loss_mean": 2.029233751296997, "training/train_loss_std": 0.0024587627205520262, "training/action_error": 2.028017044067383, "_timestamp": 1726330694.911743, "_runtime": 196.5437138080597, "_step": 49, "_wandb": {"runtime": 195}}