{"time/training": 0.06883788108825684, "evaluation/target_500_return_mean": 1.43942166016978, "evaluation/target_500_return_std": 0.0, "evaluation/target_500_length_mean": 10.0, "evaluation/target_500_length_std": 0.0, "time/total": 3.41316294670105, "time/evaluation": 0.02223372459411621, "training/train_loss_mean": 37.78113555908203, "training/train_loss_std": 0.10468292236328125, "training/action_error": 37.67645263671875, "_timestamp": 1728356729.2994566, "_runtime": 2.3040995597839355, "_step": 9, "_wandb": {"runtime": 1}}