{"time/training": 0.44577741622924805, "evaluation/target_500_return_mean": 1.2311830423397072, "evaluation/target_500_return_std": 0.0, "evaluation/target_500_length_mean": 10.0, "evaluation/target_500_length_std": 0.0, "time/total": 2.241992473602295, "time/evaluation": 0.022831201553344727, "training/train_loss_mean": 42.18366241455078, "training/train_loss_std": 0.038776397705078125, "training/action_error": 42.1448860168457, "_timestamp": 1728304099.3337781, "_runtime": 1.2303142547607422, "_step": 0, "_wandb": {"runtime": 0}}