{"time/training": 57.76986384391785, "evaluation/target_200_return_mean": 43.037090306967414, "evaluation/target_200_return_std": 0.0, "evaluation/target_200_length_mean": 200.0, "evaluation/target_200_length_std": 0.0, "evaluation/target_300_return_mean": 43.037090306967414, "evaluation/target_300_return_std": 0.0, "evaluation/target_300_length_mean": 200.0, "evaluation/target_300_length_std": 0.0, "evaluation/target_400_return_mean": 43.037090306967414, "evaluation/target_400_return_std": 0.0, "evaluation/target_400_length_mean": 200.0, "evaluation/target_400_length_std": 0.0, "time/total": 93577.53650307655, "time/evaluation": 6.185875177383423, "training/train_loss_mean": 0.37970722447484734, "training/train_loss_std": 0.00019425848198844403, "training/action_error": 0.3796881437301636, "_timestamp": 1726472114.6713762, "_runtime": 93573.69211626053, "_step": 1520, "_wandb": {"runtime": 93604}}