{"time/training": 0.36692214012145996, "evaluation/target_500_return_mean": 5.979629275496406, "evaluation/target_500_return_std": 0.0, "evaluation/target_500_length_mean": 10.0, "evaluation/target_500_length_std": 0.0, "time/total": 2.377366065979004, "time/evaluation": 0.020627737045288086, "training/train_loss_mean": 33.15909194946289, "training/train_loss_std": 0.0, "training/action_error": 33.15909194946289, "_timestamp": 1728357463.3289073, "_runtime": 1.1461153030395508, "_step": 0, "_wandb": {"runtime": 0}}