{"time/training": 53.49702286720276, "evaluation/target_500_return_mean": 81.60171966166344, "evaluation/target_500_return_std": 0.0, "evaluation/target_500_length_mean": 200.0, "evaluation/target_500_length_std": 0.0, "time/total": 115330.71479272842, "time/evaluation": 1.7370038032531738, "training/train_loss_mean": 0.12659064725041388, "training/train_loss_std": 0.0002901621914948265, "training/action_error": 0.12656323611736298, "_timestamp": 1727549067.6848955, "_runtime": 115329.6157245636, "_step": 1999, "_wandb": {"runtime": 115328}}