{"time/training": 6.948101043701172, "evaluation/target_200_return_mean": 133.31639713077882, "evaluation/target_200_return_std": 0.0, "evaluation/target_200_length_mean": 200.0, "evaluation/target_200_length_std": 0.0, "evaluation/target_300_return_mean": 133.9998971636731, "evaluation/target_300_return_std": 2.842170943040401e-14, "evaluation/target_300_length_mean": 200.0, "evaluation/target_300_length_std": 0.0, "evaluation/target_400_return_mean": 133.9998971636731, "evaluation/target_400_return_std": 2.842170943040401e-14, "evaluation/target_400_length_mean": 200.0, "evaluation/target_400_length_std": 0.0, "time/total": 30172.097973823547, "time/evaluation": 6.201136350631714, "training/train_loss_mean": 1.518766142308712, "training/train_loss_std": 0.0001392214268693727, "training/action_error": 1.5187625885009766, "_timestamp": 1726375280.3493853, "_runtime": 30170.948525190353, "_step": 2326, "_wandb": {"runtime": 30170}}