{"time/training": 0.35663461685180664, "evaluation/target_500_return_mean": 1.2311830423397072, "evaluation/target_500_return_std": 0.0, "evaluation/target_500_length_mean": 10.0, "evaluation/target_500_length_std": 0.0, "time/total": 2.193150520324707, "time/evaluation": 0.0202939510345459, "training/train_loss_mean": 42.4703254699707, "training/train_loss_std": 0.0, "training/action_error": 42.4703254699707, "_timestamp": 1728356861.7678847, "_runtime": 1.1618587970733643, "_step": 0, "_wandb": {"runtime": 0}}