{"time/training": 0.10016703605651855, "evaluation/target_500_return_mean": 1.2311830423397072, "evaluation/target_500_return_std": 0.0, "evaluation/target_500_length_mean": 10.0, "evaluation/target_500_length_std": 0.0, "time/total": 3.8442699909210205, "time/evaluation": 0.05166268348693848, "training/train_loss_mean": 31.457865715026855, "training/train_loss_std": 0.08119678497314453, "training/action_error": 31.37666893005371, "_timestamp": 1728303969.3279786, "_runtime": 2.708042621612549, "_step": 9, "_wandb": {"runtime": 1}}