{"time/training": 57.44627261161804, "evaluation/target_500_return_mean": 474.63442889142436, "evaluation/target_500_return_std": 5.684341886080802e-14, "evaluation/target_500_length_mean": 200.0, "evaluation/target_500_length_std": 0.0, "time/total": 5646.566365003586, "time/evaluation": 1.808053970336914, "training/train_loss_mean": 2.1516035460948943, "training/train_loss_std": 0.00029314951600541383, "training/action_error": 2.151564359664917, "_timestamp": 1727362249.6414814, "_runtime": 5645.485184431076, "_step": 92, "_wandb": {"runtime": 5679}}