{"time/training": 64.45433163642883, "evaluation/target_500_return_mean": 106.23556198966057, "evaluation/target_500_return_std": 1.4210854715202004e-14, "evaluation/target_500_length_mean": 200.0, "evaluation/target_500_length_std": 0.0, "time/total": 65774.1756310463, "time/evaluation": 1.9694571495056152, "training/train_loss_mean": 1.7719108448266983, "training/train_loss_std": 0.0003118359204593032, "training/action_error": 1.7718757390975952, "_timestamp": 1727430896.2397227, "_runtime": 65773.09889364243, "_step": 1054}