{"time/training": 0.5814075469970703, "evaluation/target_500_return_mean": 1.231183042339707, "evaluation/target_500_return_std": 2.220446049250313e-16, "evaluation/target_500_length_mean": 10.0, "evaluation/target_500_length_std": 0.0, "time/total": 9.833840370178223, "time/evaluation": 0.251023530960083, "training/train_loss_mean": 30.94973030090332, "training/train_loss_std": 0.007195543426611167, "training/action_error": 30.935766220092773, "_timestamp": 1728301399.8037918, "_runtime": 8.793624877929688, "_step": 9, "_wandb": {"runtime": 8}}