{"time/training": 540.4741907119751, "evaluation/target_200_return_mean": 42.6736914350313, "evaluation/target_200_return_std": 7.105427357601002e-15, "evaluation/target_200_length_mean": 200.0, "evaluation/target_200_length_std": 0.0, "evaluation/target_300_return_mean": 31.423482702385066, "evaluation/target_300_return_std": 3.552713678800501e-15, "evaluation/target_300_length_mean": 200.0, "evaluation/target_300_length_std": 0.0, "evaluation/target_400_return_mean": 31.101769695486258, "evaluation/target_400_return_std": 3.552713678800501e-15, "evaluation/target_400_length_mean": 200.0, "evaluation/target_400_length_std": 0.0, "time/total": 110745.90315103531, "time/evaluation": 5.211657285690308, "training/train_loss_mean": 1.0125261682003737, "training/train_loss_std": 0.0002745376816313145, "training/action_error": 1.0125398635864258, "_timestamp": 1726599142.4873648, "_runtime": 110744.74064183235, "_step": 199, "_wandb": {"runtime": 110743}}