{"time/training": 0.029808998107910156, "evaluation/target_500_return_mean": 3.6935491270191223, "evaluation/target_500_return_std": 4.440892098500626e-16, "evaluation/target_500_length_mean": 10.0, "evaluation/target_500_length_std": 0.0, "evaluation/target_400_return_mean": 3.6935491270191223, "evaluation/target_400_return_std": 4.440892098500626e-16, "evaluation/target_400_length_mean": 10.0, "evaluation/target_400_length_std": 0.0, "time/total": 4.64627742767334, "time/evaluation": 0.19327259063720703, "training/train_loss_mean": 36.8330696105957, "training/train_loss_std": 0.006940600471467194, "training/action_error": 36.82781219482422, "_timestamp": 1725595088.4091396, "_runtime": 3.4968156814575195, "_step": 9, "_wandb": {"runtime": 2}}